player_id,player_name,season,gp,ppg,ts_pct,headshot_path,headshot_available
1628983,S. Gilgeous-Alexander,2025,76,32.6842,0.643211,analytics/images/nba/headshots/1628983.png,1
203507,G. Antetokounmpo,2025,67,30.3881,0.627512,analytics/images/nba/headshots/203507.png,1
203999,N. Jokić,2025,70,29.5857,0.672767,analytics/images/nba/headshots/203999.png,1
1629029,L. Dončić,2025,50,28.16,0.585228,analytics/images/nba/headshots/1629029.png,1
1630162,A. Edwards,2025,79,27.557,0.59273,analytics/images/nba/headshots/1630162.png,1
1628369,J. Tatum,2025,72,26.8333,0.579482,analytics/images/nba/headshots/1628369.png,1
201142,K. Durant,2025,62,26.5645,0.651234,analytics/images/nba/headshots/201142.png,1
1630178,T. Maxey,2025,52,26.3269,0.55306,analytics/images/nba/headshots/1630178.png,1
1630595,C. Cunningham,2025,70,26.1429,0.568584,analytics/images/nba/headshots/1630595.png,1
1628973,J. Brunson,2025,65,26.0,0.602069,analytics/images/nba/headshots/1628973.png,1
1631094,P. Banchero,2025,46,25.8913,0.546011,analytics/images/nba/headshots/1631094.png,1
1626164,D. Booker,2025,75,25.64,0.584085,analytics/images/nba/headshots/1626164.png,1
1630163,L. Ball,2025,47,25.1915,0.536621,analytics/images/nba/headshots/1630163.png,1
203081,D. Lillard,2025,58,24.9483,0.617752,analytics/images/nba/headshots/203081.png,1
203076,A. Davis,2025,51,24.7255,0.573588,analytics/images/nba/headshots/203076.png,1
202681,K. Irving,2025,50,24.68,0.59574,analytics/images/nba/headshots/202681.png,1
1629627,Z. Williamson,2025,30,24.5667,0.596043,analytics/images/nba/headshots/1629627.png,1
201939,S. Curry,2025,70,24.5429,0.611833,analytics/images/nba/headshots/201939.png,1
1626157,K. Towns,2025,72,24.4306,0.624425,analytics/images/nba/headshots/1626157.png,1
2544,L. James,2025,70,24.4286,0.60125,analytics/images/nba/headshots/2544.png,1
1641705,V. Wembanyama,2025,46,24.2609,0.58408,analytics/images/nba/headshots/1641705.png,1
1629027,T. Young,2025,76,24.2237,0.557993,analytics/images/nba/headshots/1629027.png,1
1630532,F. Wagner,2025,60,24.15,0.55806,analytics/images/nba/headshots/1630532.png,1
1630560,C. Thomas,2025,25,23.96,0.576708,analytics/images/nba/headshots/1630560.png,1
1628378,D. Mitchell,2025,71,23.9577,0.574194,analytics/images/nba/headshots/1628378.png,1
1629639,T. Herro,2025,77,23.8961,0.611044,analytics/images/nba/headshots/1629639.png,1
203954,J. Embiid,2025,19,23.7895,0.572526,analytics/images/nba/headshots/203954.png,1
1628368,D. Fox,2025,62,23.5323,0.557705,analytics/images/nba/headshots/1628368.png,1
203897,Z. LaVine,2025,74,23.2973,0.634788,analytics/images/nba/headshots/203897.png,1
1629630,J. Morant,2025,50,23.18,0.568342,analytics/images/nba/headshots/1629630.png,1
201935,J. Harden,2025,79,22.8101,0.57902,analytics/images/nba/headshots/201935.png,1
1627742,B. Ingram,2025,18,22.2222,0.555089,analytics/images/nba/headshots/1627742.png,1
201942,D. DeRozan,2025,77,22.2078,0.56834,analytics/images/nba/headshots/201942.png,1
1627759,J. Brown,2025,63,22.1905,0.556127,analytics/images/nba/headshots/1627759.png,1
1628991,J. Jackson Jr.,2025,74,22.1757,0.588807,analytics/images/nba/headshots/1628991.png,1
1626181,N. Powell,2025,60,21.7667,0.611563,analytics/images/nba/headshots/1626181.png,1
1631114,J. Williams,2025,69,21.5942,0.575042,analytics/images/nba/headshots/1631114.png,1
202695,K. Leonard,2025,37,21.5135,0.585319,analytics/images/nba/headshots/202695.png,1
1627750,J. Murray,2025,67,21.4328,0.578337,analytics/images/nba/headshots/1627750.png,1
1630530,T. Murphy III,2025,53,21.2075,0.588889,analytics/images/nba/headshots/1630530.png,1
203468,C. McCollum,2025,56,21.125,0.527636,analytics/images/nba/headshots/203468.png,1
1629628,R. Barrett,2025,58,21.0862,0.547648,analytics/images/nba/headshots/1629628.png,1
1641706,B. Miller,2025,27,21.037,0.544504,analytics/images/nba/headshots/1641706.png,1
1630224,J. Green,2025,82,21.0122,0.524518,analytics/images/nba/headshots/1630224.png,1
1629636,D. Garland,2025,75,20.5867,0.606337,analytics/images/nba/headshots/1629636.png,1
1629673,J. Poole,2025,68,20.4559,0.578625,analytics/images/nba/headshots/1629673.png,1
1629632,C. White,2025,74,20.3919,0.590776,analytics/images/nba/headshots/1629632.png,1
1628970,M. Bridges,2025,64,20.3125,0.536494,analytics/images/nba/headshots/1628970.png,1
1627783,P. Siakam,2025,78,20.2308,0.597888,analytics/images/nba/headshots/1627783.png,1
1630559,A. Reaves,2025,73,20.2055,0.616049,analytics/images/nba/headshots/1630559.png,1
204001,K. Porziņģis,2025,42,19.4762,0.624645,analytics/images/nba/headshots/204001.png,1
1630567,S. Barnes,2025,65,19.2615,0.522785,analytics/images/nba/headshots/1630567.png,1
1629014,A. Simons,2025,70,19.2571,0.542564,analytics/images/nba/headshots/1629014.png,1
1630217,D. Bane,2025,69,19.2319,0.591965,analytics/images/nba/headshots/1630217.png,1
1627734,D. Sabonis,2025,70,19.1,0.668453,analytics/images/nba/headshots/1627734.png,1
1630578,A. Sengun,2025,76,19.0921,0.539105,analytics/images/nba/headshots/1630578.png,1
1628374,L. Markkanen,2025,47,18.9787,0.575694,analytics/images/nba/headshots/1628374.png,1
1628381,J. Collins,2025,40,18.95,0.643657,analytics/images/nba/headshots/1628381.png,1
1630552,J. Johnson,2025,36,18.8889,0.570356,analytics/images/nba/headshots/1630552.png,1
1629661,C. Johnson,2025,57,18.7719,0.635228,analytics/images/nba/headshots/1629661.png,1
203944,J. Randle,2025,69,18.6667,0.586654,analytics/images/nba/headshots/203944.png,1
1630169,T. Haliburton,2025,73,18.6164,0.589471,analytics/images/nba/headshots/1630169.png,1
1631101,S. Sharpe,2025,72,18.5417,0.548531,analytics/images/nba/headshots/1631101.png,1
1630596,E. Mobley,2025,71,18.5352,0.624658,analytics/images/nba/headshots/1630596.png,1
202696,N. Vučević,2025,73,18.4795,0.615114,analytics/images/nba/headshots/202696.png,1
1629012,C. Sexton,2025,63,18.3968,0.594149,analytics/images/nba/headshots/1629012.png,1
1629008,M. Porter Jr.,2025,77,18.1558,0.618296,analytics/images/nba/headshots/1629008.png,1
1628389,B. Adebayo,2025,78,18.0769,0.552559,analytics/images/nba/headshots/1628389.png,1
1628384,O. Anunoby,2025,74,18.0,0.581416,analytics/images/nba/headshots/1628384.png,1
203952,A. Wiggins,2025,60,17.9667,0.55482,analytics/images/nba/headshots/203952.png,1
1628969,M. Bridges,2025,82,17.6098,0.56905,analytics/images/nba/headshots/1628969.png,1
1631093,J. Ivey,2025,30,17.6,0.57645,analytics/images/nba/headshots/1631093.png,1
202710,J. Butler III,2025,55,17.5273,0.624398,analytics/images/nba/headshots/202710.png,1
1627749,D. Murray,2025,31,17.4839,0.488887,analytics/images/nba/headshots/1627749.png,1
1628370,M. Monk,2025,65,17.1846,0.545028,analytics/images/nba/headshots/1628370.png,1
1630193,I. Quickley,2025,33,17.0909,0.583076,analytics/images/nba/headshots/1630193.png,1
203078,B. Beal,2025,53,17.0189,0.58017,analytics/images/nba/headshots/203078.png,1
1629631,D. Hunter,2025,64,17.0,0.623655,analytics/images/nba/headshots/1629631.png,1
1630166,D. Avdija,2025,72,16.9306,0.589718,analytics/images/nba/headshots/1630166.png,1
1641718,K. George,2025,67,16.791,0.538904,analytics/images/nba/headshots/1641718.png,1
1627826,I. Zubac,2025,80,16.75,0.638687,analytics/images/nba/headshots/1627826.png,1
1628401,D. White,2025,76,16.4211,0.608568,analytics/images/nba/headshots/1628401.png,1
1627736,M. Beasley,2025,82,16.2927,0.58602,analytics/images/nba/headshots/1627736.png,1
1630170,D. Vassell,2025,64,16.2656,0.544647,analytics/images/nba/headshots/1630170.png,1
202331,P. George,2025,41,16.2195,0.527461,analytics/images/nba/headshots/202331.png,1
203903,J. Clarkson,2025,37,16.2162,0.52253,analytics/images/nba/headshots/203903.png,1
1630591,J. Suggs,2025,35,16.2,0.527369,analytics/images/nba/headshots/1630591.png,1
1631097,B. Mathurin,2025,72,16.0556,0.580768,analytics/images/nba/headshots/1631097.png,1
1626167,M. Turner,2025,72,15.5556,0.613949,analytics/images/nba/headshots/1626167.png,1
1631128,C. Braun,2025,79,15.4177,0.667997,analytics/images/nba/headshots/1631128.png,1
1642272,J. McCain,2025,23,15.3043,0.557478,analytics/images/nba/headshots/1642272.png,1
1630228,J. Kuminga,2025,47,15.2979,0.529866,analytics/images/nba/headshots/1630228.png,1
1631109,M. Williams,2025,44,15.25,0.645573,analytics/images/nba/headshots/1631109.png,1
1626162,K. Oubre Jr.,2025,60,15.1,0.55176,analytics/images/nba/headshots/1626162.png,1
1631096,C. Holmgren,2025,32,14.9688,0.577381,analytics/images/nba/headshots/1631096.png,1
1628398,K. Kuzma,2025,65,14.8308,0.512714,analytics/images/nba/headshots/1628398.png,1
1642264,S. Castle,2025,81,14.6914,0.499398,analytics/images/nba/headshots/1642264.png,1
1629023,P. Washington,2025,57,14.6667,0.544479,analytics/images/nba/headshots/1629023.png,1
203932,A. Gordon,2025,51,14.6667,0.637749,analytics/images/nba/headshots/203932.png,1
1630581,J. Giddey,2025,70,14.6,0.56315,analytics/images/nba/headshots/1630581.png,1
1629656,Q. Grimes,2025,75,14.56,0.552117,analytics/images/nba/headshots/1629656.png,1
1627751,J. Poeltl,2025,57,14.4561,0.629521,analytics/images/nba/headshots/1627751.png,1
203924,J. Grant,2025,47,14.4043,0.508347,analytics/images/nba/headshots/203924.png,1
1629028,D. Ayton,2025,40,14.4,0.580622,analytics/images/nba/headshots/1629028.png,1
1641711,G. Dick,2025,54,14.3889,0.524876,analytics/images/nba/headshots/1641711.png,1
1630202,P. Pritchard,2025,80,14.3,0.605922,analytics/images/nba/headshots/1630202.png,1
1629675,N. Reid,2025,80,14.225,0.571526,analytics/images/nba/headshots/1629675.png,1
1630700,D. Daniels,2025,76,14.1184,0.549151,analytics/images/nba/headshots/1630700.png,1
1630544,T. Mann,2025,13,14.0769,0.516577,analytics/images/nba/headshots/1630544.png,1
1627832,F. VanVleet,2025,60,14.0667,0.496682,analytics/images/nba/headshots/1627832.png,1
1641708,A. Thompson,2025,69,14.058,0.600616,analytics/images/nba/headshots/1641708.png,1
1628415,D. Brooks,2025,75,14.04,0.54614,analytics/images/nba/headshots/1628415.png,1
1642449,T. Smith,2025,1,14.0,0.6783,,0
202691,K. Thompson,2025,72,13.9583,0.541872,analytics/images/nba/headshots/202691.png,1
1626171,B. Portis,2025,49,13.8776,0.544945,analytics/images/nba/headshots/1626171.png,1
202699,T. Harris,2025,73,13.726,0.565774,analytics/images/nba/headshots/202699.png,1
1628404,J. Hart,2025,77,13.6494,0.615109,analytics/images/nba/headshots/1628404.png,1
1628386,J. Allen,2025,82,13.4512,0.712229,analytics/images/nba/headshots/1628386.png,1
1630168,O. Okongwu,2025,74,13.3514,0.620345,analytics/images/nba/headshots/1630168.png,1
201566,R. Westbrook,2025,75,13.2533,0.532136,analytics/images/nba/headshots/201566.png,1
1630230,N. Marshall,2025,69,13.2464,0.566233,analytics/images/nba/headshots/1630230.png,1
1629060,R. Hachimura,2025,59,13.1356,0.623836,analytics/images/nba/headshots/1629060.png,1
203471,D. Schröder,2025,75,13.0667,0.524429,analytics/images/nba/headshots/203471.png,1
201572,B. Lopez,2025,80,13.0125,0.621064,analytics/images/nba/headshots/201572.png,1
1642259,A. Sarr,2025,67,12.9701,0.482999,analytics/images/nba/headshots/1642259.png,1
1629021,M. Wagner,2025,30,12.8667,0.631163,analytics/images/nba/headshots/1629021.png,1
1629640,K. Johnson,2025,77,12.7143,0.558332,analytics/images/nba/headshots/1629640.png,1
1627763,M. Brogdon,2025,24,12.7083,0.514029,analytics/images/nba/headshots/1627763.png,1
1630703,S. Henderson,2025,66,12.6818,0.51552,analytics/images/nba/headshots/1630703.png,1
1626156,D. Russell,2025,58,12.6207,0.499091,analytics/images/nba/headshots/1626156.png,1
1642258,Z. Risacher,2025,75,12.56,0.536996,analytics/images/nba/headshots/1642258.png,1
1629660,T. Jerome,2025,70,12.5429,0.629557,analytics/images/nba/headshots/1629660.png,1
1630583,S. Aldama,2025,65,12.4769,0.578342,analytics/images/nba/headshots/1630583.png,1
1631099,K. Murray,2025,76,12.3947,0.539045,analytics/images/nba/headshots/1631099.png,1
1629022,L. Walker IV,2025,20,12.35,0.485585,analytics/images/nba/headshots/1629022.png,1
203084,H. Barnes,2025,82,12.3293,0.623839,analytics/images/nba/headshots/203084.png,1
1641731,B. Coulibaly,2025,59,12.322,0.496963,analytics/images/nba/headshots/1641731.png,1
1630245,A. Dosunmu,2025,46,12.3043,0.584811,analytics/images/nba/headshots/1630245.png,1
1629655,D. Gafford,2025,57,12.2982,0.703588,analytics/images/nba/headshots/1629655.png,1
1631095,J. Smith Jr.,2025,57,12.2456,0.559125,analytics/images/nba/headshots/1631095.png,1
1630183,J. McDaniels,2025,82,12.1951,0.557345,analytics/images/nba/headshots/1630183.png,1
1627747,C. LeVert,2025,64,12.125,0.560789,analytics/images/nba/headshots/1627747.png,1
1631166,D. Timme,2025,9,12.1111,0.5279,,0
1631106,T. Eason,2025,57,12.0351,0.555965,analytics/images/nba/headshots/1631106.png,1
203497,R. Gobert,2025,72,12.0278,0.683664,analytics/images/nba/headshots/203497.png,1
1630598,A. Wiggins,2025,76,12.0263,0.576697,analytics/images/nba/headshots/1630598.png,1
1630174,A. Nesmith,2025,45,12.0222,0.633433,analytics/images/nba/headshots/1630174.png,1
203114,K. Middleton,2025,37,11.8919,0.546789,analytics/images/nba/headshots/203114.png,1
1631105,J. Duren,2025,78,11.7692,0.698886,analytics/images/nba/headshots/1631105.png,1
1641764,B. Podziemski,2025,64,11.6719,0.514164,analytics/images/nba/headshots/1641764.png,1
1628978,D. DiVincenzo,2025,62,11.6613,0.572915,analytics/images/nba/headshots/1628978.png,1
1630557,C. Kispert,2025,61,11.5574,0.564861,analytics/images/nba/headshots/1630557.png,1
1631110,J. Sochan,2025,54,11.4259,0.573504,analytics/images/nba/headshots/1631110.png,1
1641739,T. Camara,2025,78,11.3077,0.562651,analytics/images/nba/headshots/1641739.png,1
1628392,I. Hartenstein,2025,57,11.1754,0.596349,analytics/images/nba/headshots/1628392.png,1
1629018,G. Trent Jr.,2025,74,11.1351,0.581747,analytics/images/nba/headshots/1629018.png,1
1627741,B. Hield,2025,82,11.122,0.528459,analytics/images/nba/headshots/1627741.png,1
201950,J. Holiday,2025,62,11.0645,0.562631,analytics/images/nba/headshots/201950.png,1
1631117,W. Kessler,2025,58,11.0517,0.679557,analytics/images/nba/headshots/1631117.png,1
1629130,D. Robinson,2025,74,11.0405,0.567188,analytics/images/nba/headshots/1629130.png,1
203915,S. Dinwiddie,2025,79,11.038,0.544584,analytics/images/nba/headshots/203915.png,1
1627824,G. Yabusele,2025,70,10.9714,0.57615,analytics/images/nba/headshots/1627824.png,1
203501,T. Hardaway Jr.,2025,77,10.961,0.541881,analytics/images/nba/headshots/203501.png,1
1641729,B. Sensabaugh,2025,71,10.8732,0.577745,analytics/images/nba/headshots/1641729.png,1
203992,B. Bogdanović,2025,54,10.7963,0.571515,analytics/images/nba/headshots/203992.png,1
1641722,J. Hawkins,2025,56,10.7857,0.470879,analytics/images/nba/headshots/1641722.png,1
1631107,N. Jović,2025,46,10.7391,0.594061,analytics/images/nba/headshots/1631107.png,1
1630527,B. Boston,2025,42,10.6667,0.513164,analytics/images/nba/headshots/1630527.png,1
1628960,G. Allen,2025,64,10.625,0.644494,analytics/images/nba/headshots/1628960.png,1
1630553,K. Johnson,2025,79,10.6203,0.476791,analytics/images/nba/headshots/1630553.png,1
1626179,T. Rozier,2025,64,10.6094,0.467111,analytics/images/nba/headshots/1626179.png,1
1630167,O. Toppin,2025,79,10.5443,0.625809,analytics/images/nba/headshots/1630167.png,1
1630570,T. Watford,2025,43,10.4651,0.548128,analytics/images/nba/headshots/1630570.png,1
1630534,O. Agbaji,2025,64,10.4219,0.609684,analytics/images/nba/headshots/1630534.png,1
1642377,J. Wells,2025,79,10.4177,0.548144,analytics/images/nba/headshots/1642377.png,1
202685,J. Valančiūnas,2025,81,10.4074,0.604019,analytics/images/nba/headshots/202685.png,1
1629684,G. Williams,2025,16,10.375,0.593812,analytics/images/nba/headshots/1629684.png,1
1629651,N. Claxton,2025,70,10.3429,0.574153,analytics/images/nba/headshots/1629651.png,1
1630631,J. Alvarado,2025,56,10.3393,0.509966,analytics/images/nba/headshots/1630631.png,1
1629001,D. Melton,2025,6,10.3333,0.49955,analytics/images/nba/headshots/1629001.png,1
1629645,K. Porter Jr.,2025,75,10.28,0.507061,analytics/images/nba/headshots/1629645.png,1
1630529,H. Jones,2025,20,10.25,0.52412,analytics/images/nba/headshots/1630529.png,1
1626145,T. Jones,2025,81,10.2346,0.564128,analytics/images/nba/headshots/1626145.png,1
1630198,I. Joe,2025,74,10.2162,0.582996,analytics/images/nba/headshots/1630198.png,1
1627884,D. Jones Jr.,2025,77,10.1429,0.617131,analytics/images/nba/headshots/1627884.png,1
1631232,K. Brooks Jr.,2025,14,10.1429,0.5506,,0
1629652,L. Dort,2025,71,10.1268,0.560455,analytics/images/nba/headshots/1629652.png,1
1642348,J. Edwards,2025,44,10.1136,0.533995,analytics/images/nba/headshots/1642348.png,1
1641709,A. Thompson,2025,59,10.0678,0.577214,analytics/images/nba/headshots/1641709.png,1
1629614,A. Nembhard,2025,65,10.0462,0.561077,analytics/images/nba/headshots/1629614.png,1
1628449,C. Boucher,2025,50,10.04,0.581836,analytics/images/nba/headshots/1628449.png,1
1630533,Z. Williams,2025,63,10.0317,0.533435,analytics/images/nba/headshots/1630533.png,1
1630577,J. Champagnie,2025,82,9.939,0.555507,analytics/images/nba/headshots/1630577.png,1
1627777,G. Niang,2025,79,9.9241,0.607252,analytics/images/nba/headshots/1627777.png,1
1628989,K. Huerter,2025,69,9.8696,0.509216,analytics/images/nba/headshots/1628989.png,1
1630590,S. Pippen Jr.,2025,79,9.8608,0.572137,analytics/images/nba/headshots/1630590.png,1
1641733,N. Smith Jr.,2025,60,9.85,0.466255,analytics/images/nba/headshots/1641733.png,1
1642267,B. Carrington,2025,82,9.8415,0.502035,analytics/images/nba/headshots/1642267.png,1
1630541,M. Moody,2025,74,9.7838,0.571449,analytics/images/nba/headshots/1630541.png,1
1629599,A. Coffey,2025,72,9.6667,0.592467,analytics/images/nba/headshots/1629599.png,1
1631108,M. Christie,2025,78,9.6026,0.596512,analytics/images/nba/headshots/1631108.png,1
1642271,K. Filipowski,2025,72,9.5833,0.571142,analytics/images/nba/headshots/1642271.png,1
1630540,M. McBride,2025,64,9.5469,0.525856,analytics/images/nba/headshots/1630540.png,1
1641787,T. Evbuomwan,2025,28,9.5357,0.519446,,0
1630592,J. Wilson,2025,79,9.481,0.547447,analytics/images/nba/headshots/1630592.png,1
1641710,A. Black,2025,78,9.4359,0.498173,analytics/images/nba/headshots/1641710.png,1
1641774,T. Vukcevic,2025,35,9.4286,0.593946,analytics/images/nba/headshots/1641774.png,1
1629638,N. Alexander-Walker,2025,82,9.4268,0.579976,analytics/images/nba/headshots/1629638.png,1
1629622,M. Strus,2025,50,9.42,0.58922,analytics/images/nba/headshots/1629622.png,1
1630175,C. Anthony,2025,67,9.403,0.507433,analytics/images/nba/headshots/1630175.png,1
1641715,C. Whitmore,2025,51,9.3529,0.498055,analytics/images/nba/headshots/1641715.png,1
1642276,K. Ware,2025,64,9.2969,0.570244,analytics/images/nba/headshots/1642276.png,1
1630208,N. Richards,2025,57,9.2807,0.60527,analytics/images/nba/headshots/1630208.png,1
1641744,Z. Edey,2025,66,9.2424,0.633852,analytics/images/nba/headshots/1641744.png,1
1641730,N. Clowney,2025,46,9.1304,0.489065,analytics/images/nba/headshots/1641730.png,1
204456,T. McConnell,2025,79,9.1139,0.539504,analytics/images/nba/headshots/204456.png,1
1642274,Y. Missi,2025,73,9.1096,0.549955,analytics/images/nba/headshots/1642274.png,1
1628976,W. Carter Jr.,2025,68,9.0882,0.544015,analytics/images/nba/headshots/1628976.png,1
1630639,A. Lawson,2025,26,9.0769,0.503027,,0
1626220,R. O'Neale,2025,75,9.0667,0.567384,analytics/images/nba/headshots/1626220.png,1
1642261,D. Knecht,2025,78,9.0513,0.5695,analytics/images/nba/headshots/1642261.png,1
1631124,J. Strawther,2025,65,9.0462,0.538783,analytics/images/nba/headshots/1631124.png,1
1630215,J. Butler,2025,60,9.0167,0.525453,analytics/images/nba/headshots/1630215.png,1
203110,D. Green,2025,68,9.0147,0.513428,analytics/images/nba/headshots/203110.png,1
1630165,K. Hayes,2025,6,9.0,0.5059,analytics/images/nba/headshots/1630165.png,1
1630172,P. Williams,2025,63,8.9841,0.50443,analytics/images/nba/headshots/1630172.png,1
203935,M. Smart,2025,34,8.9706,0.510994,analytics/images/nba/headshots/203935.png,1
201143,A. Horford,2025,60,8.9667,0.54262,analytics/images/nba/headshots/201143.png,1
1630548,J. Juzang,2025,64,8.9219,0.534952,analytics/images/nba/headshots/1630548.png,1
203994,J. Nurkić,2025,51,8.8824,0.544108,analytics/images/nba/headshots/203994.png,1
203991,C. Capela,2025,55,8.8727,0.56174,analytics/images/nba/headshots/203991.png,1
1628379,L. Kennard,2025,65,8.8615,0.556777,analytics/images/nba/headshots/1628379.png,1
101108,C. Paul,2025,82,8.8171,0.593484,analytics/images/nba/headshots/101108.png,1
1629004,S. Mykhailiuk,2025,38,8.7895,0.492703,analytics/images/nba/headshots/1629004.png,1
1630551,J. Champagnie,2025,62,8.7742,0.504777,analytics/images/nba/headshots/1630551.png,1
203484,K. Caldwell-Pope,2025,77,8.7403,0.543378,analytics/images/nba/headshots/203484.png,1
203482,K. Olynyk,2025,44,8.7273,0.609825,analytics/images/nba/headshots/203482.png,1
1641726,D. Lively II,2025,36,8.7222,0.709336,analytics/images/nba/headshots/1641726.png,1
1631213,T. Martin,2025,60,8.7167,0.50063,analytics/images/nba/headshots/1631213.png,1
1627827,D. Finney-Smith,2025,63,8.7143,0.581019,analytics/images/nba/headshots/1627827.png,1
1630702,J. Hardy,2025,57,8.7018,0.466993,analytics/images/nba/headshots/1630702.png,1
203957,D. Exum,2025,20,8.7,0.569895,analytics/images/nba/headshots/203957.png,1
1642273,K. George,2025,68,8.6765,0.472196,analytics/images/nba/headshots/1642273.png,1
1629052,O. Brissett,2025,6,8.6667,0.52435,analytics/images/nba/headshots/1629052.png,1
1642268,I. Collier,2025,71,8.662,0.462648,analytics/images/nba/headshots/1642268.png,1
1631170,J. Jaquez Jr.,2025,66,8.6364,0.511326,analytics/images/nba/headshots/1631170.png,1
1642266,J. Walter,2025,52,8.6346,0.499992,analytics/images/nba/headshots/1642266.png,1
1641824,M. Buzelis,2025,80,8.6,0.534196,analytics/images/nba/headshots/1641824.png,1
1630573,S. Hauser,2025,71,8.5211,0.61913,analytics/images/nba/headshots/1630573.png,1
1626204,L. Nance Jr.,2025,24,8.4583,0.581788,analytics/images/nba/headshots/1626204.png,1
1631197,J. Rhoden,2025,14,8.4286,0.460471,,0
1629669,J. Nowell,2025,8,8.375,0.385188,analytics/images/nba/headshots/1629669.png,1
1641717,C. Wallace,2025,68,8.3529,0.552297,analytics/images/nba/headshots/1641717.png,1
1629634,B. Clarke,2025,64,8.3438,0.612252,analytics/images/nba/headshots/1629634.png,1
1630625,D. Banton,2025,67,8.3433,0.424776,analytics/images/nba/headshots/1630625.png,1
1630314,B. Williams,2025,33,8.3333,0.534782,analytics/images/nba/headshots/1630314.png,1
1631165,K. Ellis,2025,80,8.325,0.64822,analytics/images/nba/headshots/1631165.png,1
1628971,B. Brown,2025,41,8.2927,0.4415,analytics/images/nba/headshots/1628971.png,1
1627752,T. Prince,2025,80,8.2,0.602875,analytics/images/nba/headshots/1627752.png,1
201144,M. Conley,2025,71,8.1972,0.564599,analytics/images/nba/headshots/201144.png,1
1630188,J. Smith,2025,64,8.1875,0.567014,analytics/images/nba/headshots/1630188.png,1
1631212,P. Watson,2025,68,8.1029,0.536191,analytics/images/nba/headshots/1631212.png,1
1642366,Q. Post,2025,42,8.0952,0.54506,analytics/images/nba/headshots/1642366.png,1
1630558,D. Mitchell,2025,74,7.9459,0.545778,analytics/images/nba/headshots/1630558.png,1
1630549,D. Sharpe,2025,50,7.94,0.563488,analytics/images/nba/headshots/1630549.png,1
1628997,C. Martin,2025,45,7.9111,0.514049,analytics/images/nba/headshots/1628997.png,1
1630623,T. Etienne,2025,7,7.8571,0.485286,,0
1642354,K. Simpson,2025,36,7.8333,0.407381,analytics/images/nba/headshots/1642354.png,1
1631255,K. Matković,2025,42,7.7381,0.557321,analytics/images/nba/headshots/1631255.png,1
1629611,T. Mann,2025,67,7.7164,0.557633,analytics/images/nba/headshots/1629611.png,1
1631131,O. Tshiebwe,2025,14,7.6429,0.667814,,0
1628366,L. Ball,2025,35,7.6286,0.553669,analytics/images/nba/headshots/1628366.png,1
1642358,A. Johnson,2025,29,7.5862,0.465445,,0
1629726,G. Mathews,2025,47,7.5106,0.542974,analytics/images/nba/headshots/1629726.png,1
1629680,M. Thybulle,2025,15,7.4667,0.53856,analytics/images/nba/headshots/1629680.png,1
1630182,J. Green,2025,68,7.4412,0.524368,analytics/images/nba/headshots/1630182.png,1
1626158,R. Holmes,2025,31,7.4194,0.636071,analytics/images/nba/headshots/1626158.png,1
1631260,A. Green,2025,73,7.411,0.597512,analytics/images/nba/headshots/1631260.png,1
203083,A. Drummond,2025,40,7.325,0.531728,analytics/images/nba/headshots/203083.png,1
1641741,R. Council IV,2025,73,7.2877,0.448284,analytics/images/nba/headshots/1641741.png,1
1641878,D. Baugh,2025,15,7.2667,0.411,,0
202692,A. Burks,2025,49,7.2653,0.550053,analytics/images/nba/headshots/202692.png,1
1630249,V. Krejčí,2025,57,7.2281,0.610746,analytics/images/nba/headshots/1630249.png,1
1641713,G. Jackson,2025,29,7.2069,0.458166,analytics/images/nba/headshots/1641713.png,1
1641783,T. da Silva,2025,74,7.2027,0.486757,analytics/images/nba/headshots/1641783.png,1
1641772,N. Tomlin,2025,5,7.2,0.5034,,0
1630200,T. Jones,2025,46,7.1739,0.603496,analytics/images/nba/headshots/1630200.png,1
1629048,G. Bitadze,2025,70,7.1714,0.599151,analytics/images/nba/headshots/1629048.png,1
1630241,S. Merrill,2025,71,7.169,0.560732,analytics/images/nba/headshots/1630241.png,1
1631342,D. Plowden,2025,6,7.1667,0.543983,,0
1642347,J. Shead,2025,75,7.1067,0.507003,analytics/images/nba/headshots/1642347.png,1
1642419,J. Battle,2025,59,7.1017,0.560061,analytics/images/nba/headshots/1642419.png,1
1629006,J. Okogie,2025,40,7.075,0.534235,analytics/images/nba/headshots/1629006.png,1
1627936,A. Caruso,2025,54,7.0741,0.52765,analytics/images/nba/headshots/1627936.png,1
1641720,J. Hood-Schifino,2025,15,7.0667,0.453887,,0
1631301,J. Sims,2025,6,7.0,0.714767,,0
1630543,I. Jackson,2025,5,7.0,0.71368,analytics/images/nba/headshots/1630543.png,1
1630585,M. Garrett,2025,4,7.0,0.48705,,0
1630288,J. Dowtin Jr.,2025,41,6.9512,0.489595,,0
1626166,C. Payne,2025,72,6.9444,0.48355,analytics/images/nba/headshots/1626166.png,1
1631222,J. LaRavia,2025,66,6.9394,0.560185,analytics/images/nba/headshots/1631222.png,1
1641810,A. Reeves,2025,44,6.9318,0.567214,,0
1642346,R. Dunn,2025,74,6.9054,0.456423,analytics/images/nba/headshots/1642346.png,1
1631115,O. Robinson,2025,44,6.8864,0.505523,,0
1630643,J. Huff,2025,64,6.8594,0.51802,analytics/images/nba/headshots/1630643.png,1
1629637,J. Hayes,2025,56,6.8393,0.707055,analytics/images/nba/headshots/1629637.png,1
201569,E. Gordon,2025,39,6.8205,0.519667,analytics/images/nba/headshots/201569.png,1
1629626,B. Bol,2025,36,6.7778,0.585367,analytics/images/nba/headshots/1629626.png,1
1628998,C. Martin,2025,53,6.7547,0.487379,analytics/images/nba/headshots/1628998.png,1
1629610,D. Jeffries,2025,47,6.7021,0.479055,analytics/images/nba/headshots/1629610.png,1
1630542,M. Bagley,2025,10,6.7,0.4258,,0
1630173,P. Achiuwa,2025,57,6.6491,0.520093,analytics/images/nba/headshots/1630173.png,1
1631246,V. Williams Jr.,2025,27,6.6296,0.505893,analytics/images/nba/headshots/1631246.png,1
1631311,L. Quinones,2025,13,6.6154,0.443392,,0
1631204,M. Sasser,2025,57,6.5789,0.548405,analytics/images/nba/headshots/1631204.png,1
1631218,T. Jackson-Davis,2025,62,6.5645,0.529797,analytics/images/nba/headshots/1631218.png,1
203995,V. Micić,2025,41,6.561,0.390607,analytics/images/nba/headshots/203995.png,1
1626168,T. Lyles,2025,69,6.5362,0.52922,analytics/images/nba/headshots/1626168.png,1
1629659,T. Horton-Tucker,2025,58,6.5345,0.421805,analytics/images/nba/headshots/1629659.png,1
203552,S. Curry,2025,68,6.5294,0.497562,analytics/images/nba/headshots/203552.png,1
1642270,D. Clingan,2025,67,6.5075,0.553972,analytics/images/nba/headshots/1642270.png,1
1628418,T. Bryant,2025,66,6.5,0.599017,analytics/images/nba/headshots/1628418.png,1
1642349,A. Mitchell,2025,36,6.5,0.571089,analytics/images/nba/headshots/1642349.png,1
1629312,H. Highsmith,2025,74,6.4595,0.501277,analytics/images/nba/headshots/1629312.png,1
1627780,G. Payton II,2025,62,6.4516,0.603306,analytics/images/nba/headshots/1627780.png,1
1641842,R. Holland II,2025,81,6.4444,0.539663,analytics/images/nba/headshots/1641842.png,1
1627739,K. Dunn,2025,74,6.4054,0.549897,analytics/images/nba/headshots/1627739.png,1
1629216,G. Vincent,2025,72,6.3889,0.498025,analytics/images/nba/headshots/1629216.png,1
1630231,K. Martin,2025,43,6.3721,0.555167,analytics/images/nba/headshots/1630231.png,1
1628380,Z. Collins,2025,64,6.3594,0.567119,analytics/images/nba/headshots/1628380.png,1
1630526,J. Robinson-Earl,2025,66,6.3333,0.546482,analytics/images/nba/headshots/1630526.png,1
1629026,K. Williams,2025,69,6.3188,0.584725,analytics/images/nba/headshots/1629026.png,1
1630572,S. Mamukelashvili,2025,61,6.3115,0.55911,analytics/images/nba/headshots/1630572.png,1
1631157,R. Rollins,2025,56,6.2321,0.529145,analytics/images/nba/headshots/1631157.png,1
1630696,D. Smith,2025,14,6.2143,0.552079,analytics/images/nba/headshots/1630696.png,1
1630538,B. Hyland,2025,24,6.2083,0.517525,analytics/images/nba/headshots/1630538.png,1
1642367,J. Mogbo,2025,63,6.1746,0.474298,analytics/images/nba/headshots/1642367.png,1
1641716,J. Walker,2025,75,6.1467,0.544169,analytics/images/nba/headshots/1641716.png,1
1630171,I. Okoro,2025,55,6.1273,0.599553,analytics/images/nba/headshots/1630171.png,1
1630191,I. Stewart,2025,72,6.0417,0.600931,analytics/images/nba/headshots/1630191.png,1
1628436,L. Kornet,2025,73,6.0411,0.604364,analytics/images/nba/headshots/1628436.png,1
1631209,I. Wong,2025,20,6.0,0.50061,,0
1642368,N. Dante,2025,4,6.0,0.886725,,0
1630164,J. Wiseman,2025,1,6.0,0.6148,analytics/images/nba/headshots/1630164.png,1
1630600,I. Mobley,2025,1,6.0,0.3807,,0
1631243,M. Gueye,2025,33,5.9697,0.505967,analytics/images/nba/headshots/1631243.png,1
1631323,S. Fontecchio,2025,75,5.9467,0.507376,analytics/images/nba/headshots/1631323.png,1
1631119,J. Williams,2025,47,5.9149,0.611915,analytics/images/nba/headshots/1631119.png,1
1631306,C. Swider,2025,10,5.9,0.40864,,0
1629643,C. Okeke,2025,9,5.8889,0.5609,analytics/images/nba/headshots/1629643.png,1
1642275,T. Salaün,2025,60,5.8833,0.467692,analytics/images/nba/headshots/1642275.png,1
1631221,C. Gillespie,2025,33,5.8788,0.571727,analytics/images/nba/headshots/1631221.png,1
203937,K. Anderson,2025,61,5.8525,0.516921,analytics/images/nba/headshots/203937.png,1
1629650,M. Brown,2025,13,5.8462,0.416962,,0
1641737,A. Bona,2025,58,5.8103,0.609298,analytics/images/nba/headshots/1641737.png,1
1629057,R. Williams III,2025,20,5.8,0.57115,analytics/images/nba/headshots/1629057.png,1
1631245,Q. Jackson,2025,28,5.7857,0.435925,analytics/images/nba/headshots/1631245.png,1
1629013,L. Shamet,2025,50,5.72,0.54069,analytics/images/nba/headshots/1629013.png,1
1641727,D. Whitehead,2025,20,5.7,0.385885,,0
1631217,M. Diabaté,2025,71,5.6761,0.542201,analytics/images/nba/headshots/1631217.png,1
1630692,J. Goodwin,2025,29,5.5517,0.448962,analytics/images/nba/headshots/1630692.png,1
1629003,S. Milton,2025,57,5.5263,0.433867,analytics/images/nba/headshots/1629003.png,1
1628988,A. Holiday,2025,62,5.4839,0.527137,analytics/images/nba/headshots/1628988.png,1
1629731,D. Wade,2025,59,5.4237,0.588564,analytics/images/nba/headshots/1629731.png,1
1630811,K. Wallace,2025,31,5.4194,0.486797,analytics/images/nba/headshots/1630811.png,1
201145,J. Green,2025,32,5.375,0.644762,analytics/images/nba/headshots/201145.png,1
1628371,J. Isaac,2025,71,5.3521,0.485621,analytics/images/nba/headshots/1628371.png,1
201567,K. Love,2025,23,5.3043,0.383026,analytics/images/nba/headshots/201567.png,1
1641723,K. Bufkin,2025,10,5.3,0.49723,,0
1631288,J. Cain,2025,37,5.2973,0.454322,analytics/images/nba/headshots/1631288.png,1
1641767,B. Sheppard,2025,63,5.2698,0.504835,analytics/images/nba/headshots/1641767.png,1
1626192,P. Connaughton,2025,41,5.2683,0.550888,analytics/images/nba/headshots/1626192.png,1
1631133,J. Walker,2025,60,5.2167,0.469043,analytics/images/nba/headshots/1631133.png,1
1628420,M. Morris,2025,45,5.1778,0.496729,analytics/images/nba/headshots/1628420.png,1
202687,B. Biyombo,2025,28,5.1429,0.519029,analytics/images/nba/headshots/202687.png,1
1629011,M. Robinson,2025,17,5.1176,0.667229,analytics/images/nba/headshots/1629011.png,1
1629750,J. Green,2025,68,5.1029,0.510538,analytics/images/nba/headshots/1629750.png,1
1642024,A. Reese,2025,15,5.0667,0.732253,,0
1627732,B. Simmons,2025,51,5.0196,0.466527,analytics/images/nba/headshots/1627732.png,1
1629674,N. Queta,2025,62,5.0,0.576005,analytics/images/nba/headshots/1629674.png,1
1631103,M. Branham,2025,47,5.0,0.477328,analytics/images/nba/headshots/1631103.png,1
1631214,A. Williams,2025,1,5.0,1.25,,0
1630539,K. Jones,2025,40,4.95,0.606752,,0
1630322,L. Waters III,2025,52,4.9231,0.477102,analytics/images/nba/headshots/1630322.png,1
1630243,T. Queen,2025,31,4.9032,0.358616,,0
1641798,J. Martin,2025,16,4.875,0.390281,,0
1629111,J. Landale,2025,42,4.7619,0.485069,analytics/images/nba/headshots/1629111.png,1
1630658,C. Castleton,2025,26,4.7308,0.395623,,0
1641707,T. Hendricks,2025,3,4.6667,0.3105,analytics/images/nba/headshots/1641707.png,1
1631223,D. Roddy,2025,33,4.6364,0.511803,analytics/images/nba/headshots/1631223.png,1
1641763,J. Phillips,2025,79,4.6329,0.552013,analytics/images/nba/headshots/1641763.png,1
1642262,C. Williams,2025,50,4.6,0.411048,analytics/images/nba/headshots/1642262.png,1
1629234,D. Eubanks,2025,61,4.5902,0.550534,analytics/images/nba/headshots/1629234.png,1
1641796,P. Larsson,2025,55,4.5636,0.457875,analytics/images/nba/headshots/1641796.png,1
1626172,K. Looney,2025,76,4.5263,0.534028,analytics/images/nba/headshots/1626172.png,1
203486,M. Plumlee,2025,74,4.5,0.577609,analytics/images/nba/headshots/203486.png,1
1642265,R. Dillingham,2025,49,4.4694,0.379365,analytics/images/nba/headshots/1642265.png,1
1631207,D. Terry,2025,73,4.4658,0.473175,analytics/images/nba/headshots/1631207.png,1
1641724,J. Howard,2025,60,4.45,0.440022,analytics/images/nba/headshots/1641724.png,1
1642263,R. Sheppard,2025,52,4.4038,0.416496,analytics/images/nba/headshots/1642263.png,1
202704,R. Jackson,2025,31,4.3871,0.438635,analytics/images/nba/headshots/202704.png,1
1628963,M. Bagley III,2025,31,4.3871,0.437984,analytics/images/nba/headshots/1628963.png,1
1629646,C. Bassey,2025,36,4.3611,0.473867,analytics/images/nba/headshots/1629646.png,1
1628396,T. Bradley,2025,14,4.3571,0.547443,analytics/images/nba/headshots/1628396.png,1
1630205,L. Stevens,2025,17,4.3529,0.356,analytics/images/nba/headshots/1630205.png,1
1628964,M. Bamba,2025,32,4.3125,0.506006,analytics/images/nba/headshots/1628964.png,1
1630545,T. Shannon Jr.,2025,32,4.3125,0.414369,analytics/images/nba/headshots/1630545.png,1
1628464,D. Theis,2025,38,4.2632,0.481334,analytics/images/nba/headshots/1628464.png,1
1630695,M. Potter,2025,38,4.2632,0.574211,analytics/images/nba/headshots/1630695.png,1
1628975,J. Carter,2025,36,4.25,0.451153,analytics/images/nba/headshots/1628975.png,1
1642285,C. Spencer,2025,25,4.24,0.438676,analytics/images/nba/headshots/1642285.png,1
1631230,D. Barlow,2025,35,4.2286,0.441554,analytics/images/nba/headshots/1631230.png,1
1641871,D. Reath,2025,46,4.2174,0.453933,analytics/images/nba/headshots/1641871.png,1
1630556,K. Edwards,2025,40,4.2,0.384185,analytics/images/nba/headshots/1630556.png,1
1642345,O. Ighodaro,2025,61,4.1803,0.515466,analytics/images/nba/headshots/1642345.png,1
1631111,W. Moore Jr.,2025,36,4.1667,0.444417,,0
1631200,K. Murray,2025,69,4.1594,0.379449,analytics/images/nba/headshots/1631200.png,1
1628470,T. Craig,2025,26,4.1538,0.433281,analytics/images/nba/headshots/1628470.png,1
1641721,M. Lewis,2025,28,4.1429,0.365354,,0
1631216,C. Houstan,2025,58,4.1207,0.468057,analytics/images/nba/headshots/1631216.png,1
1641757,J. Miller,2025,37,4.1081,0.399978,analytics/images/nba/headshots/1641757.png,1
1630194,P. Reed,2025,45,4.0889,0.542876,analytics/images/nba/headshots/1630194.png,1
1629020,J. Vanderbilt,2025,36,4.0833,0.494306,analytics/images/nba/headshots/1629020.png,1
1629618,J. Pickett,2025,49,4.0816,0.480871,analytics/images/nba/headshots/1629618.png,1
1641740,J. Clark,2025,40,4.075,0.485338,analytics/images/nba/headshots/1641740.png,1
1630611,G. Santos,2025,56,4.0536,0.411907,analytics/images/nba/headshots/1630611.png,1
1641732,C. Jones,2025,39,4.0256,0.387469,,0
201587,N. Batum,2025,78,4.0128,0.566874,analytics/images/nba/headshots/201587.png,1
1626196,J. Richardson,2025,8,4.0,0.401188,analytics/images/nba/headshots/1626196.png,1
1630201,M. Flynn,2025,4,4.0,0.484125,analytics/images/nba/headshots/1630201.png,1
1631199,R. Harper Jr.,2025,1,4.0,0.2252,,0
203500,S. Adams,2025,57,3.9474,0.494167,analytics/images/nba/headshots/203500.png,1
200768,K. Lowry,2025,35,3.9429,0.406091,analytics/images/nba/headshots/200768.png,1
1641765,O. Prosper,2025,52,3.8654,0.362921,analytics/images/nba/headshots/1641765.png,1
1631172,O. Dieng,2025,37,3.8378,0.422265,analytics/images/nba/headshots/1631172.png,1
1642269,D. Carter,2025,36,3.8333,0.346792,analytics/images/nba/headshots/1642269.png,1
201988,P. Mills,2025,29,3.8276,0.410155,analytics/images/nba/headshots/201988.png,1
1642382,B. Carlson,2025,32,3.8125,0.583384,,0
1631104,B. Wesley,2025,58,3.7414,0.45786,analytics/images/nba/headshots/1631104.png,1
202693,M. Morris,2025,15,3.7333,0.388247,analytics/images/nba/headshots/202693.png,1
201599,D. Jordan,2025,56,3.7321,0.587123,analytics/images/nba/headshots/201599.png,1
1641734,E. Bates,2025,10,3.7,0.29579,,0
1641854,C. Porter Jr.,2025,51,3.6863,0.463208,analytics/images/nba/headshots/1641854.png,1
1642050,J. Rowe,2025,6,3.6667,0.598017,,0
1631248,B. Scheierman,2025,31,3.6452,0.323455,analytics/images/nba/headshots/1631248.png,1
1630568,L. Garza,2025,38,3.6316,0.481697,analytics/images/nba/headshots/1630568.png,1
1630256,J. Tate,2025,52,3.6154,0.420512,analytics/images/nba/headshots/1630256.png,1
1642281,J. Tyson,2025,47,3.5532,0.339745,analytics/images/nba/headshots/1642281.png,1
1630550,J. Thor,2025,20,3.55,0.49411,analytics/images/nba/headshots/1630550.png,1
203901,E. Payton,2025,24,3.5417,0.268554,,0
202709,C. Joseph,2025,50,3.54,0.490076,analytics/images/nba/headshots/202709.png,1
203926,D. McDermott,2025,42,3.5,0.394769,analytics/images/nba/headshots/203926.png,1
203967,D. Šarić,2025,16,3.5,0.364456,analytics/images/nba/headshots/203967.png,1
1641748,A. Jackson Jr.,2025,67,3.4328,0.428991,,0
1628981,B. Fernando,2025,17,3.4118,0.519512,analytics/images/nba/headshots/1628981.png,1
1631123,J. Bouyea,2025,5,3.4,0.31868,,0
1642403,I. Jones,2025,40,3.35,0.55956,,0
1627814,D. Lee,2025,25,3.32,0.48412,analytics/images/nba/headshots/1627814.png,1
1628995,K. Knox II,2025,14,3.2857,0.380657,analytics/images/nba/headshots/1628995.png,1
1631466,N. Williams,2025,20,3.25,0.3592,,0
1630192,Z. Nnaji,2025,57,3.2281,0.443805,analytics/images/nba/headshots/1630192.png,1
1641989,E. Harkless,2025,10,3.2,0.31149,,0
1629629,C. Reddish,2025,33,3.1818,0.417079,analytics/images/nba/headshots/1629629.png,1
1626153,D. Wright,2025,40,3.125,0.347357,analytics/images/nba/headshots/1626153.png,1
1630283,K. Kelley,2025,11,3.0909,0.530591,,0
1628467,M. Kleber,2025,34,3.0294,0.437409,analytics/images/nba/headshots/1628467.png,1
203914,G. Harris,2025,48,3.0208,0.420402,analytics/images/nba/headshots/203914.png,1
200782,P. Tucker,2025,3,3.0,0.45,analytics/images/nba/headshots/200782.png,1
1631386,T. Moore,2025,2,3.0,0.3626,,0
1641712,R. Rupert,2025,52,2.9808,0.301687,analytics/images/nba/headshots/1641712.png,1
1631250,P. Nance,2025,13,2.9231,0.3564,,0
1641890,T. Smith,2025,23,2.913,0.477861,,0
1628365,M. Fultz,2025,21,2.9048,0.394367,analytics/images/nba/headshots/1628365.png,1
201959,T. Gibson,2025,37,2.8919,0.472651,analytics/images/nba/headshots/201959.png,1
1642484,R. Dennis,2025,11,2.7273,0.295618,,0
1642352,K. Johnson,2025,16,2.6875,0.268681,,0
1630561,D. Duke Jr.,2025,6,2.6667,0.495683,,0
1641816,H. Tyson,2025,51,2.6275,0.389549,,0
1631169,J. Minott,2025,46,2.587,0.466598,,0
1641736,R. Beekman,2025,36,2.5833,0.322761,,0
203109,J. Crowder,2025,9,2.5556,0.2542,analytics/images/nba/headshots/203109.png,1
1630531,J. Springer,2025,43,2.5349,0.359372,,0
1630264,A. Gill,2025,51,2.5294,0.445616,analytics/images/nba/headshots/1630264.png,1
1630311,P. Spencer,2025,39,2.5128,0.301197,analytics/images/nba/headshots/1630311.png,1
1641794,D. Jones,2025,54,2.5,0.256833,,0
1641998,T. Jemison III,2025,38,2.5,0.474668,,0
1629723,J. Konchar,2025,46,2.4348,0.483065,analytics/images/nba/headshots/1629723.png,1
1631132,C. Koloko,2025,37,2.4324,0.539322,,0
1631098,J. Davis,2025,34,2.3529,0.387565,analytics/images/nba/headshots/1631098.png,1
1641936,M. Norris,2025,3,2.3333,0.209633,,0
1630222,M. Jones,2025,10,2.3,0.35275,,0
1642355,B. James,2025,27,2.2963,0.315233,,0
1630699,M. Beauchamp,2025,35,2.2571,0.41978,analytics/images/nba/headshots/1630699.png,1
1631116,P. Baldwin Jr.,2025,24,2.2083,0.595017,,0
1631102,T. Washington Jr.,2025,16,2.1875,0.225713,,0
1641809,D. Peterson,2025,25,2.16,0.494936,,0
1629162,J. McLaughlin,2025,46,2.1304,0.434454,analytics/images/nba/headshots/1629162.png,1
1630537,C. Duarte,2025,17,2.1176,0.511906,analytics/images/nba/headshots/1630537.png,1
1642402,E. Freeman,2025,22,2.0909,0.476509,,0
203939,D. Powell,2025,55,2.0727,0.438482,analytics/images/nba/headshots/203939.png,1
1631120,J. Davison,2025,16,2.0625,0.432675,,0
1642277,J. Furphy,2025,50,2.06,0.3118,,0
1630528,J. Christopher,2025,14,2.0,0.241979,analytics/images/nba/headshots/1630528.png,1
1641766,A. Sanogo,2025,4,2.0,0.5,,0
1642278,T. Kolek,2025,41,1.9756,0.405185,,0
1641738,K. Brown,2025,40,1.925,0.368723,,0
1630574,A. Hukporti,2025,25,1.92,0.384368,,0
202066,G. Temple,2025,28,1.8929,0.26595,analytics/images/nba/headshots/202066.png,1
1641752,B. Klintman,2025,8,1.875,0.105575,,0
1630579,J. Sims,2025,53,1.8491,0.410034,analytics/images/nba/headshots/1630579.png,1
1628427,V. Čančar,2025,13,1.8462,0.252285,analytics/images/nba/headshots/1628427.png,1
1642280,T. Flowers,2025,6,1.8333,0.26885,,0
1642443,J. Young,2025,6,1.8333,0.593967,,0
1641745,A. Flagler,2025,37,1.7568,0.289949,,0
1630604,E. Liddell,2025,12,1.75,0.351642,,0
1641790,P. Hall,2025,19,1.7368,0.467989,,0
202684,T. Thompson,2025,40,1.725,0.325422,analytics/images/nba/headshots/202684.png,1
1642505,A. Ducas,2025,21,1.7143,0.419571,,0
1642359,P. Dadiet,2025,18,1.6667,0.244783,,0
1641801,E. Miller,2025,6,1.6667,0.240733,,0
1642530,Y. Kawamura,2025,22,1.6364,0.216214,,0
203458,A. Len,2025,46,1.6087,0.312237,analytics/images/nba/headshots/203458.png,1
1630762,P. Wheeler,2025,5,1.6,0.1264,,0
1641775,J. Walsh,2025,52,1.5769,0.312721,,0
1629098,J. McVeigh,2025,9,1.5556,0.361111,,0
1642422,A. Traore,2025,9,1.5556,0.3642,,0
1631159,L. Miller,2025,13,1.5385,0.475115,,0
1641789,J. Gortman,2025,16,1.5,0.367669,,0
1641755,K. McCullar Jr.,2025,4,1.5,0.22745,,0
1642439,Q. Olivari,2025,2,1.5,0.25,,0
1630346,M. Ryan,2025,19,1.4737,0.221347,,0
1631321,S. Cissoko,2025,22,1.4545,0.264764,analytics/images/nba/headshots/1631321.png,1
1641753,C. Livingston,2025,21,1.4286,0.274552,,0
1642353,C. Christie,2025,13,1.3846,0.257323,,0
1631210,J. Toppin,2025,17,1.3529,0.159312,,0
1641725,T. Alexander,2025,24,1.3333,0.2485,,0
1642461,S. Jones,2025,20,1.3,0.15652,,0
1627746,S. Labissiere,2025,4,1.25,0.3125,analytics/images/nba/headshots/1627746.png,1
1641779,J. Bridges,2025,8,1.125,0.463187,,0
1630214,X. Tillman,2025,33,1.0303,0.192655,analytics/images/nba/headshots/1630214.png,1
1631121,B. McGowens,2025,13,1.0,0.329762,analytics/images/nba/headshots/1631121.png,1
1631247,L. Travers,2025,12,1.0,0.134942,,0
1642450,D. Jenkins,2025,7,1.0,0.207843,analytics/images/nba/headshots/1642450.png,1
1630296,B. Key,2025,3,1.0,0.223567,,0
1641879,Y. Collins,2025,2,1.0,0.16665,,0
1631303,J. Minaya,2025,19,0.9474,0.164474,,0
1641817,A. Watson,2025,9,0.8889,0.388889,,0
1642384,I. Crawford,2025,15,0.8667,0.27228,,0
1631127,H. Ingram,2025,5,0.8,0.4,,0
204060,J. Ingles,2025,19,0.7895,0.076753,analytics/images/nba/headshots/204060.png,1
1628408,P. Dozier,2025,9,0.7778,0.178589,analytics/images/nba/headshots/1628408.png,1
1630618,D. Carton,2025,4,0.75,0.1537,,0
1642279,U. Chomche,2025,7,0.7143,0.366886,,0
1641857,L. Robbins,2025,13,0.6923,0.202,,0
1630649,S. Umude,2025,22,0.6818,0.258205,,0
201949,J. Johnson,2025,12,0.6667,0.17345,analytics/images/nba/headshots/201949.png,1
1642385,C. Yongxi,2025,5,0.6,0.14698,,0
1641803,T. Newton,2025,8,0.375,0.07685,,0
1642502,M. Leons,2025,6,0.3333,0.139033,,0
1630227,D. Nix,2025,3,0.3333,0.088667,analytics/images/nba/headshots/1630227.png,1
1629667,J. McDaniels,2025,4,0.0,0.0,analytics/images/nba/headshots/1629667.png,1
1642389,Z. Pullin,2025,3,0.0,0.0,,0
1630678,T. Taylor,2025,3,0.0,0.0,,0
1641815,I. Stevens,2025,3,0.0,0.0,,0
1630644,M. McClung,2025,2,0.0,0.0,,0
1642399,J. Edwards,2025,2,0.0,0.0,,0
1642434,R. Minix,2025,1,0.0,0.0,,0
1626143,J. Okafor,2025,1,0.0,0.0,analytics/images/nba/headshots/1626143.png,1
1629056,T. Davis,2025,1,0.0,0.0,analytics/images/nba/headshots/1629056.png,1
